application_no,trademark_name,applicant_name,sido,sigungu,application_date,year,nice_class,nice_class_label,status
40-2026-0100000,하늘베이커리,prime플랫폼,경기도,화성시,2023-07-05,2023,41,교육/문화,등록
40-2026-0100001,가온키친,이든키친,서울특별시,송파구,2021-10-04,2021,42,IT서비스,출원중
40-2026-0100002,green,이든컴퍼니,서울특별시,성동구,2023-08-26,2023,3,화장품,등록
40-2026-0100003,이든상사,새록컴퍼니,인천광역시,남동구,2022-01-17,2022,9,전자/소프트웨어,출원중
40-2026-0100004,nova,urban테크,충청남도,천안시 서북구,2021-09-06,2021,25,의류,등록
40-2026-0100005,가온,urban플랫폼,경기도,부천시,2023-01-04,2023,9,전자/소프트웨어,출원중
40-2026-0100006,third,별빛브루,충청북도,청주시 흥덕구,2023-05-20,2023,3,화장품,출원중
40-2026-0100007,하늘,다온랩스,서울특별시,강남구,2021-10-06,2021,41,교육/문화,출원중
40-2026-0100008,별빛,가온상사,전북특별자치도,전주시 덕진구,2025-04-06,2025,43,요식업,출원중
40-2026-0100009,미르물산,smart메디컬,강원특별자치도,원주시,2023-02-14,2023,42,IT서비스,등록
40-2026-0100010,nova코리아,다솜상사,서울특별시,성동구,2021-06-28,2021,3,화장품,등록
40-2026-0100011,solar,solar키친,경기도,용인시 기흥구,2023-03-11,2023,43,요식업,출원중
40-2026-0100012,미르,새록스튜디오,인천광역시,연수구,2023-04-27,2023,43,요식업,출원중
40-2026-0100013,thirdF&B,urban코스메틱,서울특별시,강남구,2021-09-25,2021,35,광고업/판매업,등록
40-2026-0100014,미르,가온테크,경기도,고양시 일산동구,2023-08-08,2023,43,요식업,출원중
40-2026-0100015,urban,미르컴퍼니,서울특별시,마포구,2023-04-11,2023,43,요식업,등록
40-2026-0100016,urban,smart랩스,경기도,수원시 영통구,2022-02-02,2022,21,생활용품,거절
40-2026-0100017,한빛,prime베이커리,인천광역시,연수구,2023-03-03,2023,3,화장품,거절
40-2026-0100018,nova테크,smart플랫폼,대구광역시,달서구,2022-09-23,2022,41,교육/문화,출원중
40-2026-0100019,smart플랫폼,푸른코스메틱,광주광역시,서구,2023-04-14,2023,25,의류,등록
40-2026-0100020,solar베이커리,새록랩스,경기도,용인시 기흥구,2025-01-21,2025,25,의류,출원중
40-2026-0100021,누리상사,누리물산,경기도,성남시 분당구,2025-04-23,2025,30,식품,거절
40-2026-0100022,누리,새록컴퍼니,서울특별시,강남구,2021-02-20,2021,43,요식업,등록
40-2026-0100023,푸른코리아,prime브루,서울특별시,마포구,2023-11-04,2023,44,의료/미용,출원중
40-2026-0100024,새록베이커리,urban상사,서울특별시,영등포구,2024-05-25,2024,43,요식업,출원중
40-2026-0100025,이든랩스,green베이커리,대구광역시,달서구,2024-01-24,2024,43,요식업,출원중
40-2026-0100026,smart,미르플랫폼,서울특별시,서초구,2021-03-16,2021,30,식품,등록
40-2026-0100027,누리상사,가온디자인,광주광역시,서구,2022-04-28,2022,42,IT서비스,출원중
40-2026-0100028,누리,다솜스튜디오,경기도,성남시 분당구,2025-07-12,2025,3,화장품,등록
40-2026-0100029,새록,green디자인,서울특별시,마포구,2021-06-21,2021,30,식품,소멸
40-2026-0100030,가온테크,새록물산,서울특별시,강남구,2024-04-06,2024,21,생활용품,소멸
40-2026-0100031,푸른,한빛물산,강원특별자치도,춘천시,2022-09-11,2022,35,광고업/판매업,등록
40-2026-0100032,새록전자,prime랩스,서울특별시,송파구,2024-07-01,2024,9,전자/소프트웨어,등록
40-2026-0100033,푸른,prime키친,경기도,성남시 분당구,2024-12-03,2024,43,요식업,소멸
40-2026-0100034,solar컴퍼니,nova스튜디오,서울특별시,중구,2022-11-16,2022,3,화장품,등록
40-2026-0100035,다온코리아,누리스튜디오,경상남도,창원시 성산구,2025-10-27,2025,41,교육/문화,등록
40-2026-0100036,prime,prime코스메틱,서울특별시,강남구,2025-08-10,2025,21,생활용품,등록
40-2026-0100037,한빛상사,smart상사,서울특별시,송파구,2022-02-21,2022,44,의료/미용,출원중
40-2026-0100038,푸른랩스,green물산,서울특별시,강남구,2025-05-23,2025,9,전자/소프트웨어,등록
40-2026-0100039,미르컴퍼니,푸른테크,서울특별시,송파구,2023-07-21,2023,25,의류,거절
40-2026-0100040,새록F&B,하늘코리아,경기도,부천시,2024-07-18,2024,42,IT서비스,출원중
40-2026-0100041,이든메디컬,prime스튜디오,서울특별시,마포구,2025-11-18,2025,43,요식업,등록
40-2026-0100042,다솜키친,thirdF&B,충청남도,천안시 서북구,2023-01-06,2023,44,의료/미용,등록
40-2026-0100043,가온상사,다온키친,서울특별시,강남구,2021-05-28,2021,42,IT서비스,출원중
40-2026-0100044,urban,urban코스메틱,서울특별시,마포구,2022-10-13,2022,30,식품,등록
40-2026-0100045,한빛코스메틱,solarF&B,서울특별시,강남구,2025-03-17,2025,43,요식업,등록
40-2026-0100046,새록,별빛전자,서울특별시,성동구,2025-12-04,2025,30,식품,출원중
40-2026-0100047,urban,urban물산,대구광역시,달서구,2021-01-20,2021,44,의료/미용,출원중
40-2026-0100048,미르,가온코스메틱,충청남도,천안시 서북구,2023-05-27,2023,42,IT서비스,등록
40-2026-0100049,새록코리아,온새미메디컬,서울특별시,영등포구,2024-08-05,2024,43,요식업,출원중
40-2026-0100050,가온상사,새록랩스,서울특별시,마포구,2024-02-28,2024,35,광고업/판매업,거절
40-2026-0100051,nova테크,true베이커리,울산광역시,남구,2024-04-08,2024,9,전자/소프트웨어,등록
40-2026-0100052,누리,다온테크,강원특별자치도,춘천시,2024-10-17,2024,35,광고업/판매업,등록
40-2026-0100053,미르,다온물산,서울특별시,중구,2023-07-07,2023,43,요식업,등록
40-2026-0100054,다온상사,다온브루,경기도,용인시 기흥구,2023-06-27,2023,44,의료/미용,출원중
40-2026-0100055,solar상사,가온상사,서울특별시,서초구,2021-11-22,2021,43,요식업,등록
40-2026-0100056,smart,누리코스메틱,경기도,고양시 일산동구,2025-12-16,2025,44,의료/미용,등록
40-2026-0100057,green베이커리,urban컴퍼니,서울특별시,종로구,2023-09-22,2023,9,전자/소프트웨어,소멸
40-2026-0100058,true,이든플랫폼,서울특별시,강남구,2022-06-06,2022,9,전자/소프트웨어,등록
40-2026-0100059,third,green코스메틱,경기도,성남시 분당구,2024-03-17,2024,9,전자/소프트웨어,등록
40-2026-0100060,누리,solar플랫폼,서울특별시,서초구,2022-06-20,2022,21,생활용품,등록
40-2026-0100061,한빛,누리메디컬,서울특별시,송파구,2024-05-19,2024,3,화장품,출원중
40-2026-0100062,true,별빛랩스,대전광역시,유성구,2022-08-03,2022,35,광고업/판매업,등록
40-2026-0100063,green,하늘메디컬,서울특별시,강남구,2025-04-14,2025,25,의류,등록
40-2026-0100064,하늘키친,미르F&B,서울특별시,성동구,2025-08-02,2025,25,의류,소멸
40-2026-0100065,다솜,third스튜디오,서울특별시,강남구,2021-04-17,2021,35,광고업/판매업,등록
40-2026-0100066,true,하늘스튜디오,서울특별시,강남구,2022-12-18,2022,35,광고업/판매업,등록
40-2026-0100067,누리전자,다솜랩스,서울특별시,마포구,2022-10-27,2022,42,IT서비스,등록
40-2026-0100068,urban,이든테크,대구광역시,수성구,2023-02-11,2023,44,의료/미용,등록
40-2026-0100069,푸른상사,미르코스메틱,대전광역시,유성구,2022-05-14,2022,43,요식업,등록
40-2026-0100070,urban,third코스메틱,서울특별시,영등포구,2025-10-24,2025,41,교육/문화,등록
40-2026-0100071,다솜,solar컴퍼니,서울특별시,영등포구,2023-04-03,2023,25,의류,등록
40-2026-0100072,가온,green테크,경기도,부천시,2024-12-23,2024,21,생활용품,출원중
40-2026-0100073,누리,prime키친,부산광역시,부산진구,2021-02-02,2021,43,요식업,등록
40-2026-0100074,다솜,미르코스메틱,서울특별시,서초구,2024-10-22,2024,3,화장품,거절
40-2026-0100075,가온,prime메디컬,서울특별시,서초구,2025-03-25,2025,21,생활용품,등록
40-2026-0100076,solar베이커리,nova코스메틱,서울특별시,마포구,2023-10-23,2023,3,화장품,등록
40-2026-0100077,true메디컬,green물산,서울특별시,송파구,2022-01-17,2022,21,생활용품,거절
40-2026-0100078,다온,한빛코스메틱,서울특별시,강남구,2023-11-26,2023,25,의류,등록
40-2026-0100079,누리,가온물산,경기도,성남시 분당구,2022-03-10,2022,3,화장품,출원중
40-2026-0100080,미르전자,새록플랫폼,서울특별시,마포구,2024-08-24,2024,41,교육/문화,등록
40-2026-0100081,다솜브루,true랩스,제주특별자치도,제주시,2025-11-03,2025,25,의류,등록
40-2026-0100082,하늘코리아,한빛메디컬,서울특별시,영등포구,2023-02-15,2023,44,의료/미용,출원중
40-2026-0100083,이든,하늘스튜디오,서울특별시,강남구,2025-10-11,2025,43,요식업,등록
40-2026-0100084,다솜전자,이든코스메틱,대구광역시,달서구,2021-05-19,2021,42,IT서비스,등록
40-2026-0100085,prime디자인,true스튜디오,인천광역시,남동구,2024-08-28,2024,9,전자/소프트웨어,등록
40-2026-0100086,다온코리아,한빛플랫폼,서울특별시,영등포구,2025-05-12,2025,41,교육/문화,등록
40-2026-0100087,이든,true테크,전북특별자치도,전주시 덕진구,2021-09-21,2021,21,생활용품,등록
40-2026-0100088,푸른,가온스튜디오,서울특별시,송파구,2022-04-04,2022,9,전자/소프트웨어,등록
40-2026-0100089,다온,한빛메디컬,서울특별시,송파구,2023-12-23,2023,43,요식업,등록
40-2026-0100090,smart,누리테크,제주특별자치도,제주시,2022-09-23,2022,25,의류,출원중
40-2026-0100091,green,다솜메디컬,서울특별시,강남구,2025-01-27,2025,35,광고업/판매업,등록
40-2026-0100092,누리테크,다온스튜디오,제주특별자치도,제주시,2023-09-12,2023,41,교육/문화,등록
40-2026-0100093,urban,prime물산,서울특별시,영등포구,2023-12-19,2023,42,IT서비스,출원중
40-2026-0100094,solar,다온테크,서울특별시,송파구,2023-06-13,2023,25,의류,거절
40-2026-0100095,다온,smartF&B,경기도,성남시 분당구,2022-11-01,2022,35,광고업/판매업,등록
40-2026-0100096,true키친,새록F&B,서울특별시,종로구,2022-07-15,2022,9,전자/소프트웨어,등록
40-2026-0100097,한빛랩스,가온스튜디오,경기도,화성시,2025-03-17,2025,42,IT서비스,출원중
40-2026-0100098,누리,가온코스메틱,서울특별시,종로구,2025-11-03,2025,41,교육/문화,등록
40-2026-0100099,true,nova상사,광주광역시,서구,2023-11-04,2023,30,식품,등록
40-2026-0100100,누리,누리플랫폼,울산광역시,남구,2022-02-04,2022,42,IT서비스,등록
40-2026-0100101,prime,한빛키친,경기도,부천시,2024-10-18,2024,21,생활용품,출원중
40-2026-0100102,이든스튜디오,smart브루,경기도,화성시,2021-02-03,2021,43,요식업,출원중
40-2026-0100103,urban브루,이든디자인,서울특별시,마포구,2024-12-05,2024,21,생활용품,거절
40-2026-0100104,solar키친,prime키친,서울특별시,성동구,2022-02-08,2022,44,의료/미용,등록
40-2026-0100105,urban,하늘키친,경기도,고양시 일산동구,2023-10-22,2023,21,생활용품,등록
40-2026-0100106,푸른,이든물산,경기도,성남시 분당구,2022-04-07,2022,41,교육/문화,출원중
40-2026-0100107,누리,푸른물산,경기도,성남시 분당구,2024-08-17,2024,21,생활용품,등록
40-2026-0100108,한빛코스메틱,하늘코스메틱,전북특별자치도,전주시 덕진구,2024-09-08,2024,25,의류,등록
40-2026-0100109,prime,novaF&B,광주광역시,서구,2023-12-01,2023,43,요식업,등록
40-2026-0100110,다솜코스메틱,이든디자인,서울특별시,영등포구,2025-04-18,2025,43,요식업,등록
40-2026-0100111,solar,다온전자,경기도,용인시 기흥구,2022-03-08,2022,3,화장품,출원중
40-2026-0100112,다솜랩스,다솜전자,서울특별시,영등포구,2021-02-08,2021,30,식품,등록
40-2026-0100113,온새미플랫폼,온새미코리아,서울특별시,종로구,2021-10-11,2021,3,화장품,출원중
40-2026-0100114,green,온새미랩스,전라남도,여수시,2024-10-17,2024,9,전자/소프트웨어,출원중
40-2026-0100115,nova,누리디자인,충청남도,천안시 서북구,2021-03-20,2021,30,식품,등록
40-2026-0100116,한빛메디컬,이든코스메틱,서울특별시,마포구,2024-07-19,2024,44,의료/미용,출원중
40-2026-0100117,third,하늘테크,경기도,고양시 일산동구,2023-08-25,2023,30,식품,출원중
40-2026-0100118,urban,true메디컬,대구광역시,수성구,2021-11-19,2021,21,생활용품,거절
40-2026-0100119,새록,third코리아,경기도,용인시 기흥구,2023-08-08,2023,42,IT서비스,등록
40-2026-0100120,smart,urban랩스,서울특별시,강남구,2024-10-10,2024,41,교육/문화,등록
40-2026-0100121,prime물산,green컴퍼니,서울특별시,송파구,2025-08-03,2025,35,광고업/판매업,등록
40-2026-0100122,온새미브루,true상사,경상남도,창원시 성산구,2023-11-05,2023,25,의류,등록
40-2026-0100123,가온랩스,third전자,서울특별시,성동구,2025-02-11,2025,25,의류,출원중
40-2026-0100124,하늘,한빛테크,경기도,성남시 분당구,2022-11-19,2022,25,의류,출원중
40-2026-0100125,하늘컴퍼니,새록베이커리,서울특별시,마포구,2021-01-03,2021,21,생활용품,등록
40-2026-0100126,nova,다온상사,서울특별시,중구,2025-03-01,2025,3,화장품,등록
40-2026-0100127,별빛,하늘상사,부산광역시,부산진구,2023-02-20,2023,44,의료/미용,등록
40-2026-0100128,nova테크,prime스튜디오,경기도,성남시 분당구,2024-05-28,2024,44,의료/미용,출원중
40-2026-0100129,다솜,다솜키친,충청남도,천안시 서북구,2024-04-25,2024,42,IT서비스,출원중
40-2026-0100130,별빛테크,prime상사,경기도,수원시 영통구,2023-02-08,2023,21,생활용품,등록
40-2026-0100131,nova,third컴퍼니,경기도,수원시 영통구,2025-09-24,2025,25,의류,거절
40-2026-0100132,true코리아,urban스튜디오,서울특별시,영등포구,2022-04-25,2022,41,교육/문화,출원중
40-2026-0100133,novaF&B,새록코스메틱,서울특별시,강남구,2025-08-08,2025,25,의류,등록
40-2026-0100134,smart베이커리,greenF&B,인천광역시,연수구,2024-01-28,2024,25,의류,소멸
40-2026-0100135,solar테크,이든스튜디오,경기도,성남시 분당구,2025-01-25,2025,21,생활용품,등록
40-2026-0100136,이든,미르브루,서울특별시,강남구,2023-10-17,2023,3,화장품,등록
40-2026-0100137,urban컴퍼니,third스튜디오,인천광역시,남동구,2025-01-24,2025,44,의료/미용,등록
40-2026-0100138,가온,온새미스튜디오,서울특별시,송파구,2025-04-11,2025,41,교육/문화,등록
40-2026-0100139,prime,이든베이커리,서울특별시,강남구,2021-02-27,2021,44,의료/미용,등록
40-2026-0100140,green,별빛전자,충청북도,청주시 흥덕구,2022-08-06,2022,25,의류,등록
40-2026-0100141,다온랩스,prime플랫폼,서울특별시,성동구,2025-06-27,2025,42,IT서비스,거절
40-2026-0100142,nova디자인,green코스메틱,서울특별시,강남구,2022-05-02,2022,21,생활용품,등록
40-2026-0100143,가온테크,solar컴퍼니,충청남도,천안시 서북구,2023-02-28,2023,42,IT서비스,등록
40-2026-0100144,하늘,prime베이커리,서울특별시,서초구,2022-10-03,2022,30,식품,출원중
40-2026-0100145,smart테크,하늘전자,대구광역시,달서구,2021-11-17,2021,44,의료/미용,등록
40-2026-0100146,nova,푸른F&B,경기도,수원시 영통구,2024-08-10,2024,44,의료/미용,출원중
40-2026-0100147,누리디자인,trueF&B,서울특별시,중구,2021-02-11,2021,25,의류,출원중
40-2026-0100148,누리,한빛상사,충청북도,청주시 흥덕구,2023-03-28,2023,42,IT서비스,등록
40-2026-0100149,온새미,다솜코스메틱,경기도,성남시 분당구,2023-08-20,2023,44,의료/미용,등록
40-2026-0100150,새록,smart코스메틱,서울특별시,송파구,2022-03-14,2022,9,전자/소프트웨어,소멸
40-2026-0100151,미르스튜디오,하늘F&B,경상남도,창원시 성산구,2024-11-05,2024,42,IT서비스,출원중
40-2026-0100152,solar,가온키친,대전광역시,유성구,2021-11-27,2021,44,의료/미용,소멸
40-2026-0100153,이든,가온F&B,서울특별시,영등포구,2021-02-23,2021,30,식품,출원중
40-2026-0100154,별빛전자,새록브루,부산광역시,해운대구,2025-06-22,2025,41,교육/문화,거절
40-2026-0100155,온새미물산,온새미코리아,부산광역시,해운대구,2024-03-11,2024,3,화장품,등록
40-2026-0100156,온새미코리아,가온컴퍼니,인천광역시,연수구,2021-03-25,2021,30,식품,등록
40-2026-0100157,가온스튜디오,새록F&B,경상남도,창원시 성산구,2025-03-21,2025,43,요식업,등록
40-2026-0100158,nova,urban컴퍼니,서울특별시,서초구,2025-09-03,2025,25,의류,등록
40-2026-0100159,누리물산,urban코스메틱,서울특별시,마포구,2024-07-06,2024,25,의류,소멸
40-2026-0100160,별빛컴퍼니,다솜코스메틱,경기도,화성시,2021-09-03,2021,43,요식업,출원중
40-2026-0100161,온새미키친,green물산,서울특별시,강남구,2025-09-21,2025,9,전자/소프트웨어,등록
40-2026-0100162,true,green키친,충청북도,청주시 흥덕구,2025-04-22,2025,41,교육/문화,소멸
40-2026-0100163,다온,다온물산,충청남도,천안시 서북구,2021-12-19,2021,44,의료/미용,등록
40-2026-0100164,third,green랩스,서울특별시,송파구,2023-05-10,2023,3,화장품,등록
40-2026-0100165,greenF&B,third디자인,대구광역시,수성구,2024-07-12,2024,9,전자/소프트웨어,등록
40-2026-0100166,가온코리아,smart키친,충청남도,천안시 서북구,2024-04-10,2024,30,식품,등록
40-2026-0100167,third메디컬,온새미브루,부산광역시,부산진구,2023-08-09,2023,25,의류,거절
40-2026-0100168,하늘,green테크,경기도,성남시 분당구,2025-12-17,2025,9,전자/소프트웨어,등록
40-2026-0100169,prime,하늘브루,서울특별시,송파구,2021-11-06,2021,3,화장품,출원중
40-2026-0100170,누리,누리베이커리,서울특별시,강남구,2025-06-27,2025,35,광고업/판매업,등록
40-2026-0100171,urban,third브루,서울특별시,강남구,2022-05-10,2022,9,전자/소프트웨어,등록
40-2026-0100172,온새미,새록플랫폼,경상남도,창원시 성산구,2025-01-24,2025,42,IT서비스,등록
40-2026-0100173,true,prime물산,인천광역시,연수구,2025-05-28,2025,9,전자/소프트웨어,출원중
40-2026-0100174,true코리아,푸른코스메틱,광주광역시,서구,2024-08-17,2024,21,생활용품,거절
40-2026-0100175,미르,green물산,경기도,부천시,2021-08-10,2021,30,식품,출원중
40-2026-0100176,누리,solar상사,경기도,성남시 분당구,2023-10-21,2023,43,요식업,거절
40-2026-0100177,하늘스튜디오,prime상사,인천광역시,연수구,2025-08-13,2025,43,요식업,소멸
40-2026-0100178,third,smart상사,부산광역시,해운대구,2024-09-11,2024,44,의료/미용,등록
40-2026-0100179,prime스튜디오,누리상사,서울특별시,서초구,2025-08-09,2025,25,의류,등록
40-2026-0100180,새록,다온브루,서울특별시,종로구,2025-07-24,2025,41,교육/문화,등록
40-2026-0100181,누리키친,한빛전자,서울특별시,서초구,2021-01-27,2021,35,광고업/판매업,등록
40-2026-0100182,prime,하늘테크,광주광역시,서구,2024-06-27,2024,43,요식업,출원중
40-2026-0100183,green상사,한빛코리아,부산광역시,부산진구,2025-02-22,2025,44,의료/미용,등록
40-2026-0100184,true브루,새록테크,경기도,수원시 영통구,2024-03-12,2024,43,요식업,등록
40-2026-0100185,별빛,다온디자인,부산광역시,해운대구,2021-09-11,2021,3,화장품,등록
40-2026-0100186,solar,다솜브루,서울특별시,중구,2024-09-21,2024,3,화장품,등록
40-2026-0100187,별빛,온새미컴퍼니,서울특별시,서초구,2025-03-05,2025,25,의류,등록
40-2026-0100188,solar,smart플랫폼,서울특별시,강남구,2025-06-11,2025,44,의료/미용,등록
40-2026-0100189,푸른컴퍼니,green메디컬,서울특별시,송파구,2022-04-17,2022,44,의료/미용,출원중
40-2026-0100190,누리코스메틱,smart상사,서울특별시,서초구,2023-10-27,2023,21,생활용품,출원중
40-2026-0100191,third상사,true전자,대전광역시,유성구,2023-01-20,2023,21,생활용품,출원중
40-2026-0100192,nova,푸른랩스,부산광역시,부산진구,2022-07-11,2022,43,요식업,거절
40-2026-0100193,별빛,다온코스메틱,부산광역시,부산진구,2022-02-05,2022,43,요식업,등록
40-2026-0100194,가온,다솜코스메틱,경상남도,창원시 성산구,2024-02-09,2024,30,식품,등록
40-2026-0100195,smart디자인,가온물산,경상북도,포항시 남구,2021-03-08,2021,25,의류,거절
40-2026-0100196,primeF&B,third메디컬,서울특별시,성동구,2023-03-01,2023,21,생활용품,등록
40-2026-0100197,새록F&B,urban메디컬,대전광역시,유성구,2025-12-07,2025,25,의류,소멸
40-2026-0100198,third,다솜F&B,서울특별시,마포구,2021-08-14,2021,30,식품,등록
40-2026-0100199,true플랫폼,urban코리아,경기도,성남시 분당구,2023-02-17,2023,35,광고업/판매업,등록
40-2026-0100200,하늘메디컬,별빛상사,전라남도,여수시,2025-06-03,2025,3,화장품,출원중
40-2026-0100201,다온,새록베이커리,서울특별시,송파구,2025-06-09,2025,9,전자/소프트웨어,거절
40-2026-0100202,urban코스메틱,온새미물산,서울특별시,서초구,2024-12-03,2024,43,요식업,출원중
40-2026-0100203,별빛,미르키친,서울특별시,성동구,2024-10-26,2024,43,요식업,거절
40-2026-0100204,다온,다솜플랫폼,인천광역시,연수구,2022-03-21,2022,42,IT서비스,출원중
40-2026-0100205,urban디자인,다온스튜디오,서울특별시,송파구,2025-11-17,2025,42,IT서비스,거절
40-2026-0100206,prime상사,하늘코스메틱,경기도,성남시 분당구,2021-04-20,2021,3,화장품,출원중
40-2026-0100207,하늘,하늘컴퍼니,경기도,부천시,2025-10-11,2025,43,요식업,등록
40-2026-0100208,nova,smart키친,부산광역시,해운대구,2024-04-27,2024,41,교육/문화,등록
40-2026-0100209,다온,가온브루,서울특별시,마포구,2024-02-18,2024,3,화장품,등록
40-2026-0100210,한빛,가온코스메틱,서울특별시,종로구,2025-03-05,2025,44,의료/미용,출원중
40-2026-0100211,한빛,별빛F&B,충청남도,천안시 서북구,2021-11-17,2021,21,생활용품,등록
40-2026-0100212,새록상사,온새미디자인,울산광역시,남구,2023-05-24,2023,41,교육/문화,출원중
40-2026-0100213,solar코스메틱,별빛전자,충청남도,천안시 서북구,2025-01-13,2025,44,의료/미용,출원중
40-2026-0100214,푸른,다온스튜디오,서울특별시,강남구,2023-04-03,2023,30,식품,출원중
40-2026-0100215,prime,prime테크,경기도,성남시 분당구,2023-04-08,2023,44,의료/미용,등록
40-2026-0100216,별빛베이커리,미르코리아,경상남도,창원시 성산구,2024-05-20,2024,25,의류,출원중
40-2026-0100217,새록베이커리,green전자,서울특별시,마포구,2022-11-07,2022,41,교육/문화,출원중
40-2026-0100218,green메디컬,가온상사,서울특별시,강남구,2021-05-03,2021,30,식품,등록
40-2026-0100219,third,solar메디컬,서울특별시,송파구,2025-01-27,2025,3,화장품,등록
40-2026-0100220,한빛랩스,하늘F&B,서울특별시,강남구,2022-02-22,2022,41,교육/문화,출원중
40-2026-0100221,solar,미르테크,경기도,성남시 분당구,2024-07-24,2024,35,광고업/판매업,등록
40-2026-0100222,다솜,prime코리아,서울특별시,송파구,2024-01-09,2024,43,요식업,등록
40-2026-0100223,third,green스튜디오,충청남도,천안시 서북구,2024-12-17,2024,25,의류,등록
40-2026-0100224,새록컴퍼니,새록물산,대전광역시,유성구,2024-05-14,2024,43,요식업,출원중
40-2026-0100225,온새미,푸른상사,경상남도,창원시 성산구,2025-12-03,2025,41,교육/문화,거절
40-2026-0100226,green,누리브루,서울특별시,중구,2024-08-25,2024,3,화장품,등록
40-2026-0100227,smart,누리코스메틱,경기도,성남시 분당구,2025-10-26,2025,25,의류,등록
40-2026-0100228,하늘랩스,solarF&B,서울특별시,송파구,2021-05-07,2021,44,의료/미용,등록
40-2026-0100229,새록,가온전자,서울특별시,영등포구,2022-07-01,2022,25,의류,출원중
40-2026-0100230,nova,별빛플랫폼,경상북도,포항시 남구,2022-07-16,2022,42,IT서비스,등록
40-2026-0100231,가온,solar컴퍼니,서울특별시,서초구,2023-01-24,2023,43,요식업,출원중
40-2026-0100232,true,urban코리아,서울특별시,서초구,2025-12-10,2025,9,전자/소프트웨어,등록
40-2026-0100233,누리,이든컴퍼니,부산광역시,부산진구,2023-05-15,2023,44,의료/미용,출원중
40-2026-0100234,다온,온새미베이커리,경기도,수원시 영통구,2025-05-19,2025,44,의료/미용,등록
40-2026-0100235,true,누리물산,대전광역시,유성구,2025-03-27,2025,35,광고업/판매업,출원중
40-2026-0100236,새록,한빛컴퍼니,서울특별시,강남구,2021-05-20,2021,3,화장품,등록
40-2026-0100237,하늘,prime전자,경기도,성남시 분당구,2024-05-08,2024,35,광고업/판매업,출원중
40-2026-0100238,true랩스,미르코리아,경기도,성남시 분당구,2021-10-26,2021,25,의류,등록
40-2026-0100239,푸른랩스,prime디자인,서울특별시,중구,2023-10-18,2023,3,화장품,등록
40-2026-0100240,새록,한빛메디컬,서울특별시,마포구,2022-04-21,2022,9,전자/소프트웨어,등록
40-2026-0100241,온새미,solar전자,충청남도,천안시 서북구,2022-02-25,2022,21,생활용품,출원중
40-2026-0100242,smart,하늘브루,서울특별시,강남구,2024-06-25,2024,42,IT서비스,등록
40-2026-0100243,미르,urban디자인,대전광역시,유성구,2024-04-08,2024,25,의류,등록
40-2026-0100244,한빛,true테크,서울특별시,서초구,2025-10-10,2025,21,생활용품,거절
40-2026-0100245,온새미물산,푸른플랫폼,인천광역시,연수구,2021-02-10,2021,25,의류,등록
40-2026-0100246,하늘코스메틱,새록베이커리,강원특별자치도,원주시,2024-06-27,2024,41,교육/문화,출원중
40-2026-0100247,urban키친,온새미상사,세종특별자치시,세종시,2021-12-11,2021,42,IT서비스,등록
40-2026-0100248,smart메디컬,urban브루,경기도,화성시,2025-04-22,2025,30,식품,등록
40-2026-0100249,다온,smart컴퍼니,경상남도,창원시 성산구,2023-12-03,2023,30,식품,등록
40-2026-0100250,solar컴퍼니,third메디컬,서울특별시,강남구,2022-08-28,2022,3,화장품,등록
40-2026-0100251,solar,별빛전자,서울특별시,강남구,2021-08-05,2021,21,생활용품,등록
40-2026-0100252,누리전자,푸른코리아,서울특별시,강남구,2024-12-25,2024,41,교육/문화,출원중
40-2026-0100253,smart물산,푸른베이커리,서울특별시,서초구,2024-06-28,2024,41,교육/문화,등록
40-2026-0100254,다온베이커리,새록컴퍼니,대전광역시,유성구,2025-08-09,2025,42,IT서비스,소멸
40-2026-0100255,누리,green스튜디오,서울특별시,강남구,2021-06-03,2021,42,IT서비스,등록
40-2026-0100256,이든상사,green물산,인천광역시,연수구,2024-01-03,2024,21,생활용품,등록
40-2026-0100257,다온플랫폼,이든메디컬,경기도,부천시,2023-04-13,2023,43,요식업,거절
40-2026-0100258,solar코스메틱,하늘키친,부산광역시,부산진구,2024-07-19,2024,35,광고업/판매업,거절
40-2026-0100259,온새미,푸른코리아,부산광역시,해운대구,2023-12-28,2023,3,화장품,소멸
40-2026-0100260,prime,푸른F&B,서울특별시,성동구,2025-05-17,2025,25,의류,등록
40-2026-0100261,가온,가온물산,경기도,성남시 분당구,2025-07-11,2025,3,화장품,등록
40-2026-0100262,새록,prime베이커리,제주특별자치도,제주시,2023-07-20,2023,44,의료/미용,출원중
40-2026-0100263,prime전자,true전자,충청북도,청주시 흥덕구,2022-10-09,2022,30,식품,등록
40-2026-0100264,prime플랫폼,smart베이커리,울산광역시,남구,2022-06-23,2022,44,의료/미용,소멸
40-2026-0100265,한빛메디컬,이든디자인,인천광역시,연수구,2023-09-27,2023,43,요식업,출원중
40-2026-0100266,이든,urban베이커리,서울특별시,송파구,2022-09-16,2022,41,교육/문화,거절
40-2026-0100267,다온F&B,true키친,경기도,용인시 기흥구,2022-05-02,2022,30,식품,등록
40-2026-0100268,별빛,nova스튜디오,서울특별시,마포구,2022-12-13,2022,44,의료/미용,등록
40-2026-0100269,third,urban물산,대전광역시,유성구,2025-05-24,2025,25,의류,거절
40-2026-0100270,하늘전자,새록전자,부산광역시,해운대구,2021-11-14,2021,3,화장품,등록
40-2026-0100271,green,별빛상사,충청북도,청주시 흥덕구,2024-11-14,2024,21,생활용품,등록
40-2026-0100272,nova,다온랩스,서울특별시,서초구,2025-08-01,2025,21,생활용품,등록
40-2026-0100273,다온코스메틱,한빛브루,대전광역시,유성구,2024-12-23,2024,9,전자/소프트웨어,등록
40-2026-0100274,smart,prime컴퍼니,서울특별시,서초구,2025-04-19,2025,25,의류,등록
40-2026-0100275,미르,true베이커리,강원특별자치도,원주시,2025-01-20,2025,44,의료/미용,등록
40-2026-0100276,다온코스메틱,true메디컬,경기도,성남시 분당구,2022-10-17,2022,35,광고업/판매업,등록
40-2026-0100277,solar,urban코리아,경기도,성남시 분당구,2025-12-27,2025,25,의류,등록
40-2026-0100278,푸른,누리상사,인천광역시,남동구,2025-02-18,2025,21,생활용품,거절
40-2026-0100279,다온,smart메디컬,울산광역시,남구,2023-07-25,2023,30,식품,등록
40-2026-0100280,미르전자,다온코스메틱,전북특별자치도,전주시 덕진구,2022-05-09,2022,30,식품,등록
40-2026-0100281,하늘전자,prime코스메틱,대구광역시,수성구,2025-12-03,2025,41,교육/문화,등록
40-2026-0100282,solar코리아,미르스튜디오,부산광역시,해운대구,2025-05-12,2025,44,의료/미용,출원중
40-2026-0100283,smart,이든디자인,부산광역시,부산진구,2021-12-04,2021,35,광고업/판매업,출원중
40-2026-0100284,smart,nova테크,서울특별시,송파구,2021-10-26,2021,3,화장품,등록
40-2026-0100285,smart,한빛물산,서울특별시,마포구,2023-07-09,2023,30,식품,등록
40-2026-0100286,smart,별빛베이커리,서울특별시,종로구,2024-03-20,2024,41,교육/문화,거절
40-2026-0100287,새록상사,third코리아,경기도,용인시 기흥구,2022-08-04,2022,44,의료/미용,출원중
40-2026-0100288,third코스메틱,이든상사,전라남도,여수시,2025-02-23,2025,9,전자/소프트웨어,출원중
40-2026-0100289,green상사,푸른메디컬,전북특별자치도,전주시 덕진구,2022-11-04,2022,30,식품,등록
40-2026-0100290,다솜,solar상사,전북특별자치도,전주시 덕진구,2024-08-21,2024,25,의류,거절
40-2026-0100291,가온,prime코리아,강원특별자치도,원주시,2021-11-14,2021,21,생활용품,등록
40-2026-0100292,다솜,하늘코스메틱,경기도,수원시 영통구,2022-01-05,2022,41,교육/문화,등록
40-2026-0100293,다온,한빛전자,서울특별시,송파구,2024-11-20,2024,9,전자/소프트웨어,등록
40-2026-0100294,하늘상사,urban전자,대구광역시,수성구,2025-01-06,2025,42,IT서비스,등록
40-2026-0100295,다솜메디컬,온새미상사,경기도,성남시 분당구,2024-01-01,2024,30,식품,출원중
40-2026-0100296,third베이커리,별빛상사,대전광역시,유성구,2021-03-22,2021,35,광고업/판매업,등록
40-2026-0100297,이든,미르코리아,경기도,성남시 분당구,2024-05-12,2024,44,의료/미용,등록
40-2026-0100298,nova,한빛F&B,서울특별시,종로구,2025-10-02,2025,44,의료/미용,등록
40-2026-0100299,smart,smart랩스,충청북도,청주시 흥덕구,2022-01-03,2022,44,의료/미용,출원중
40-2026-0100300,미르,nova테크,서울특별시,서초구,2021-01-18,2021,35,광고업/판매업,등록
40-2026-0100301,smart컴퍼니,누리F&B,인천광역시,남동구,2025-10-14,2025,21,생활용품,출원중
40-2026-0100302,solar,smart코스메틱,경기도,성남시 분당구,2024-05-20,2024,35,광고업/판매업,거절
40-2026-0100303,하늘상사,누리테크,대구광역시,수성구,2023-09-15,2023,3,화장품,등록
40-2026-0100304,이든플랫폼,미르컴퍼니,대구광역시,수성구,2024-06-27,2024,3,화장품,등록
40-2026-0100305,온새미,가온베이커리,경기도,수원시 영통구,2025-03-06,2025,21,생활용품,거절
40-2026-0100306,solar스튜디오,prime상사,세종특별자치시,세종시,2022-10-13,2022,9,전자/소프트웨어,등록
40-2026-0100307,푸른컴퍼니,푸른코스메틱,경기도,성남시 분당구,2023-06-04,2023,21,생활용품,출원중
40-2026-0100308,푸른,thirdF&B,서울특별시,영등포구,2023-05-12,2023,3,화장품,거절
40-2026-0100309,true코스메틱,별빛플랫폼,세종특별자치시,세종시,2025-04-18,2025,35,광고업/판매업,등록
40-2026-0100310,이든,nova코스메틱,서울특별시,송파구,2023-08-23,2023,9,전자/소프트웨어,등록
40-2026-0100311,nova물산,다솜컴퍼니,경상남도,창원시 성산구,2024-09-24,2024,21,생활용품,등록
40-2026-0100312,미르,한빛디자인,서울특별시,영등포구,2022-01-07,2022,3,화장품,등록
40-2026-0100313,한빛상사,solar랩스,경기도,수원시 영통구,2022-11-01,2022,42,IT서비스,출원중
40-2026-0100314,미르,nova플랫폼,서울특별시,성동구,2021-09-26,2021,30,식품,등록
40-2026-0100315,가온,smart물산,충청남도,천안시 서북구,2024-04-21,2024,43,요식업,등록
40-2026-0100316,미르디자인,푸른메디컬,대전광역시,유성구,2024-11-14,2024,44,의료/미용,등록
40-2026-0100317,하늘,다솜전자,경기도,수원시 영통구,2024-03-26,2024,42,IT서비스,출원중
40-2026-0100318,green스튜디오,urban베이커리,서울특별시,성동구,2023-02-17,2023,21,생활용품,출원중
40-2026-0100319,새록,다솜브루,서울특별시,강남구,2024-09-24,2024,3,화장품,등록
40-2026-0100320,하늘스튜디오,primeF&B,서울특별시,종로구,2025-05-20,2025,30,식품,출원중
40-2026-0100321,하늘,푸른메디컬,서울특별시,강남구,2023-12-05,2023,9,전자/소프트웨어,거절
40-2026-0100322,한빛F&B,한빛상사,경기도,수원시 영통구,2025-08-03,2025,21,생활용품,등록
40-2026-0100323,다솜,urban코스메틱,경상북도,포항시 남구,2023-12-13,2023,30,식품,등록
40-2026-0100324,이든코리아,greenF&B,서울특별시,중구,2023-11-05,2023,35,광고업/판매업,등록
40-2026-0100325,prime,한빛브루,경기도,부천시,2024-12-17,2024,44,의료/미용,등록
40-2026-0100326,온새미스튜디오,미르스튜디오,서울특별시,영등포구,2023-12-27,2023,43,요식업,등록
40-2026-0100327,한빛물산,green스튜디오,경기도,성남시 분당구,2023-04-18,2023,44,의료/미용,출원중
40-2026-0100328,한빛,하늘스튜디오,충청북도,청주시 흥덕구,2023-09-03,2023,44,의료/미용,등록
40-2026-0100329,prime메디컬,별빛베이커리,경상북도,포항시 남구,2021-05-15,2021,43,요식업,출원중
40-2026-0100330,nova랩스,다온컴퍼니,서울특별시,송파구,2023-01-01,2023,30,식품,출원중
40-2026-0100331,푸른,다온디자인,서울특별시,성동구,2022-12-17,2022,42,IT서비스,등록
40-2026-0100332,urban,solar디자인,강원특별자치도,춘천시,2023-10-27,2023,42,IT서비스,등록
40-2026-0100333,새록메디컬,prime컴퍼니,경상북도,포항시 남구,2023-05-09,2023,3,화장품,출원중
40-2026-0100334,가온브루,푸른물산,서울특별시,강남구,2022-06-24,2022,35,광고업/판매업,등록
40-2026-0100335,green,third디자인,부산광역시,부산진구,2024-09-11,2024,30,식품,출원중
40-2026-0100336,third,third키친,서울특별시,송파구,2025-12-09,2025,25,의류,등록
40-2026-0100337,온새미상사,온새미F&B,부산광역시,해운대구,2024-06-13,2024,9,전자/소프트웨어,거절
40-2026-0100338,새록,true브루,서울특별시,종로구,2023-05-16,2023,43,요식업,등록
40-2026-0100339,새록,다솜물산,경기도,고양시 일산동구,2023-05-19,2023,25,의류,등록
40-2026-0100340,다온F&B,푸른전자,경기도,성남시 분당구,2025-09-26,2025,21,생활용품,출원중
40-2026-0100341,다온,하늘전자,서울특별시,중구,2023-02-24,2023,9,전자/소프트웨어,등록
40-2026-0100342,green코리아,가온랩스,서울특별시,서초구,2021-04-07,2021,35,광고업/판매업,등록
40-2026-0100343,이든,누리메디컬,경상남도,창원시 성산구,2024-06-03,2024,25,의류,출원중
40-2026-0100344,urban,solar상사,서울특별시,서초구,2021-12-11,2021,25,의류,등록
40-2026-0100345,green랩스,다솜상사,서울특별시,송파구,2022-01-15,2022,42,IT서비스,출원중
40-2026-0100346,다솜,nova키친,서울특별시,서초구,2021-12-15,2021,42,IT서비스,소멸
40-2026-0100347,다온,prime상사,부산광역시,해운대구,2024-12-20,2024,25,의류,등록
40-2026-0100348,새록,nova브루,경기도,성남시 분당구,2025-06-19,2025,3,화장품,거절
40-2026-0100349,이든,prime코리아,서울특별시,마포구,2024-04-06,2024,9,전자/소프트웨어,출원중
40-2026-0100350,하늘,prime플랫폼,부산광역시,해운대구,2025-07-02,2025,42,IT서비스,출원중
40-2026-0100351,prime,green물산,대전광역시,유성구,2024-06-28,2024,25,의류,출원중
40-2026-0100352,smart,smart상사,대구광역시,달서구,2023-02-07,2023,35,광고업/판매업,등록
40-2026-0100353,solar,다온메디컬,충청남도,천안시 서북구,2025-02-11,2025,25,의류,등록
40-2026-0100354,smart테크,한빛코스메틱,부산광역시,해운대구,2022-12-28,2022,3,화장품,등록
40-2026-0100355,별빛플랫폼,누리전자,경기도,용인시 기흥구,2025-07-07,2025,44,의료/미용,출원중
40-2026-0100356,solar코리아,하늘랩스,서울특별시,송파구,2025-03-25,2025,43,요식업,등록
40-2026-0100357,하늘물산,누리테크,서울특별시,송파구,2022-04-10,2022,41,교육/문화,등록
40-2026-0100358,다온,가온플랫폼,대구광역시,달서구,2022-06-02,2022,3,화장품,등록
40-2026-0100359,이든전자,온새미테크,충청남도,천안시 서북구,2022-06-14,2022,43,요식업,등록
40-2026-0100360,별빛,가온브루,강원특별자치도,원주시,2021-11-15,2021,30,식품,거절
40-2026-0100361,green,urban키친,부산광역시,부산진구,2021-05-16,2021,43,요식업,출원중
40-2026-0100362,새록,primeF&B,경기도,성남시 분당구,2024-01-15,2024,30,식품,등록
40-2026-0100363,다솜코스메틱,온새미랩스,광주광역시,서구,2024-02-22,2024,9,전자/소프트웨어,출원중
40-2026-0100364,미르,third테크,울산광역시,남구,2021-12-24,2021,25,의류,등록
40-2026-0100365,true메디컬,누리F&B,서울특별시,송파구,2022-11-11,2022,35,광고업/판매업,등록
40-2026-0100366,urban,온새미테크,서울특별시,강남구,2025-09-05,2025,44,의료/미용,소멸
40-2026-0100367,이든,다온랩스,강원특별자치도,춘천시,2025-08-11,2025,41,교육/문화,소멸
40-2026-0100368,이든물산,새록키친,전북특별자치도,전주시 덕진구,2025-05-13,2025,43,요식업,출원중
40-2026-0100369,smart,푸른베이커리,전라남도,여수시,2023-03-14,2023,43,요식업,출원중
40-2026-0100370,하늘,true상사,서울특별시,중구,2024-05-03,2024,41,교육/문화,등록
40-2026-0100371,푸른,새록베이커리,서울특별시,중구,2023-12-06,2023,30,식품,출원중
40-2026-0100372,누리디자인,다온랩스,대구광역시,달서구,2024-11-15,2024,30,식품,등록
40-2026-0100373,새록,true랩스,인천광역시,남동구,2022-02-01,2022,30,식품,등록
40-2026-0100374,가온코스메틱,smart전자,서울특별시,서초구,2023-10-26,2023,3,화장품,등록
40-2026-0100375,prime브루,새록랩스,경기도,고양시 일산동구,2021-08-16,2021,44,의료/미용,거절
40-2026-0100376,한빛,third상사,서울특별시,종로구,2021-03-17,2021,41,교육/문화,출원중
40-2026-0100377,새록키친,true물산,경기도,성남시 분당구,2022-06-23,2022,3,화장품,출원중
40-2026-0100378,다솜베이커리,푸른물산,강원특별자치도,원주시,2022-09-17,2022,3,화장품,등록
40-2026-0100379,한빛랩스,true전자,서울특별시,강남구,2024-02-06,2024,21,생활용품,등록
40-2026-0100380,third,별빛F&B,경기도,수원시 영통구,2025-01-18,2025,42,IT서비스,출원중
40-2026-0100381,third,이든상사,서울특별시,중구,2024-02-21,2024,42,IT서비스,거절
40-2026-0100382,새록코스메틱,가온F&B,대구광역시,수성구,2023-01-08,2023,30,식품,출원중
40-2026-0100383,가온,가온스튜디오,서울특별시,송파구,2022-11-25,2022,35,광고업/판매업,출원중
40-2026-0100384,한빛,nova스튜디오,충청북도,청주시 흥덕구,2021-08-11,2021,42,IT서비스,등록
40-2026-0100385,새록,third베이커리,경상남도,창원시 성산구,2023-10-03,2023,3,화장품,소멸
40-2026-0100386,third,가온키친,경기도,고양시 일산동구,2022-06-27,2022,42,IT서비스,거절
40-2026-0100387,하늘,다솜전자,전북특별자치도,전주시 덕진구,2025-02-04,2025,30,식품,출원중
40-2026-0100388,nova디자인,하늘상사,서울특별시,성동구,2024-10-01,2024,25,의류,등록
40-2026-0100389,prime,푸른메디컬,경기도,수원시 영통구,2022-11-14,2022,30,식품,등록
40-2026-0100390,미르컴퍼니,third메디컬,서울특별시,송파구,2023-12-06,2023,25,의류,거절
40-2026-0100391,온새미브루,한빛디자인,경기도,용인시 기흥구,2021-08-07,2021,21,생활용품,출원중
40-2026-0100392,온새미코스메틱,푸른물산,경기도,성남시 분당구,2025-03-07,2025,30,식품,등록
40-2026-0100393,이든브루,별빛베이커리,서울특별시,강남구,2025-11-18,2025,21,생활용품,등록
40-2026-0100394,한빛컴퍼니,solar전자,경기도,성남시 분당구,2025-10-11,2025,9,전자/소프트웨어,등록
40-2026-0100395,새록,가온전자,부산광역시,해운대구,2025-12-28,2025,25,의류,거절
40-2026-0100396,true,가온F&B,경기도,화성시,2024-01-09,2024,35,광고업/판매업,출원중
40-2026-0100397,true상사,누리키친,전북특별자치도,전주시 덕진구,2024-04-06,2024,44,의료/미용,등록
40-2026-0100398,true브루,green베이커리,서울특별시,마포구,2025-09-25,2025,44,의료/미용,등록
40-2026-0100399,하늘테크,온새미물산,경기도,성남시 분당구,2021-05-08,2021,21,생활용품,등록
40-2026-0100400,true,별빛브루,경기도,고양시 일산동구,2023-03-11,2023,21,생활용품,등록
40-2026-0100401,다온,green메디컬,울산광역시,남구,2023-06-04,2023,9,전자/소프트웨어,출원중
40-2026-0100402,이든플랫폼,푸른디자인,인천광역시,연수구,2022-03-24,2022,25,의류,출원중
40-2026-0100403,이든,third물산,경기도,용인시 기흥구,2024-07-16,2024,30,식품,등록
40-2026-0100404,누리디자인,prime플랫폼,서울특별시,마포구,2025-01-11,2025,30,식품,등록
40-2026-0100405,smart베이커리,온새미컴퍼니,서울특별시,강남구,2025-11-22,2025,43,요식업,출원중
40-2026-0100406,누리코리아,smart코스메틱,서울특별시,마포구,2024-07-18,2024,9,전자/소프트웨어,소멸
40-2026-0100407,미르베이커리,새록코리아,서울특별시,서초구,2025-05-26,2025,21,생활용품,등록
40-2026-0100408,별빛,하늘플랫폼,서울특별시,강남구,2025-09-18,2025,42,IT서비스,출원중
40-2026-0100409,prime베이커리,이든디자인,경기도,성남시 분당구,2025-03-10,2025,30,식품,출원중
40-2026-0100410,가온플랫폼,smart브루,서울특별시,강남구,2023-05-13,2023,42,IT서비스,등록
40-2026-0100411,온새미코리아,true물산,경상북도,포항시 남구,2021-10-17,2021,41,교육/문화,등록
40-2026-0100412,smart,solar키친,경기도,용인시 기흥구,2023-11-11,2023,41,교육/문화,등록
40-2026-0100413,한빛베이커리,푸른코스메틱,서울특별시,마포구,2025-02-03,2025,30,식품,등록
40-2026-0100414,smart베이커리,별빛상사,서울특별시,강남구,2023-08-03,2023,21,생활용품,등록
40-2026-0100415,별빛,새록테크,서울특별시,성동구,2025-11-04,2025,30,식품,등록
40-2026-0100416,third디자인,이든코리아,서울특별시,마포구,2025-08-19,2025,9,전자/소프트웨어,등록
40-2026-0100417,이든전자,다온메디컬,대구광역시,수성구,2022-12-12,2022,43,요식업,출원중
40-2026-0100418,third,다솜메디컬,서울특별시,강남구,2021-12-26,2021,3,화장품,출원중
40-2026-0100419,다솜,solar코리아,서울특별시,송파구,2023-01-24,2023,3,화장품,등록
40-2026-0100420,prime,누리상사,경기도,화성시,2024-09-04,2024,21,생활용품,출원중
40-2026-0100421,nova,이든컴퍼니,서울특별시,중구,2022-09-23,2022,21,생활용품,소멸
40-2026-0100422,smart키친,urban스튜디오,서울특별시,성동구,2023-09-15,2023,3,화장품,출원중
40-2026-0100423,true,prime테크,서울특별시,송파구,2023-08-12,2023,25,의류,출원중
40-2026-0100424,별빛브루,greenF&B,울산광역시,남구,2022-11-21,2022,43,요식업,출원중
40-2026-0100425,third플랫폼,true코스메틱,서울특별시,영등포구,2024-12-19,2024,41,교육/문화,등록
40-2026-0100426,third전자,새록플랫폼,광주광역시,서구,2025-01-18,2025,42,IT서비스,등록
40-2026-0100427,하늘,true메디컬,서울특별시,성동구,2025-05-17,2025,25,의류,등록
40-2026-0100428,별빛,true전자,울산광역시,남구,2021-03-22,2021,44,의료/미용,등록
40-2026-0100429,다온스튜디오,별빛컴퍼니,부산광역시,부산진구,2023-07-24,2023,3,화장품,출원중
40-2026-0100430,다온키친,푸른브루,서울특별시,마포구,2023-02-18,2023,42,IT서비스,출원중
40-2026-0100431,nova테크,가온코스메틱,서울특별시,중구,2021-05-14,2021,43,요식업,출원중
40-2026-0100432,미르물산,새록코리아,대구광역시,달서구,2021-02-12,2021,21,생활용품,등록
40-2026-0100433,third스튜디오,별빛메디컬,서울특별시,영등포구,2024-05-11,2024,43,요식업,출원중
40-2026-0100434,한빛스튜디오,푸른플랫폼,광주광역시,서구,2022-06-17,2022,43,요식업,등록
40-2026-0100435,이든스튜디오,미르상사,광주광역시,서구,2024-04-25,2024,44,의료/미용,등록
40-2026-0100436,별빛브루,온새미코스메틱,인천광역시,남동구,2023-01-23,2023,25,의류,등록
40-2026-0100437,하늘베이커리,다온코스메틱,서울특별시,마포구,2025-09-24,2025,35,광고업/판매업,등록
40-2026-0100438,prime랩스,smart상사,서울특별시,성동구,2022-04-27,2022,21,생활용품,등록
40-2026-0100439,누리전자,한빛코리아,서울특별시,성동구,2021-07-28,2021,30,식품,출원중
40-2026-0100440,가온,미르베이커리,경기도,성남시 분당구,2022-03-10,2022,30,식품,등록
40-2026-0100441,다온코리아,third플랫폼,충청남도,천안시 서북구,2025-06-04,2025,30,식품,등록
40-2026-0100442,한빛,온새미랩스,충청북도,청주시 흥덕구,2023-03-08,2023,42,IT서비스,등록
40-2026-0100443,green코리아,green물산,경기도,성남시 분당구,2024-12-20,2024,30,식품,출원중
40-2026-0100444,온새미,이든상사,경기도,성남시 분당구,2022-10-19,2022,21,생활용품,거절
40-2026-0100445,한빛브루,green코리아,경상남도,창원시 성산구,2025-10-25,2025,44,의료/미용,등록
40-2026-0100446,하늘,별빛베이커리,서울특별시,서초구,2025-07-06,2025,30,식품,등록
40-2026-0100447,다온메디컬,온새미키친,서울특별시,강남구,2022-08-28,2022,3,화장품,등록
40-2026-0100448,새록,누리코리아,서울특별시,마포구,2024-09-03,2024,35,광고업/판매업,소멸
40-2026-0100449,다온,누리브루,충청남도,천안시 서북구,2025-09-21,2025,42,IT서비스,출원중
40-2026-0100450,하늘베이커리,새록스튜디오,전라남도,여수시,2024-04-06,2024,44,의료/미용,거절
40-2026-0100451,한빛,smart플랫폼,서울특별시,성동구,2023-04-03,2023,9,전자/소프트웨어,출원중
40-2026-0100452,third,미르상사,세종특별자치시,세종시,2021-10-08,2021,41,교육/문화,출원중
40-2026-0100453,이든키친,새록테크,서울특별시,서초구,2023-06-04,2023,25,의류,출원중
40-2026-0100454,smart베이커리,third전자,서울특별시,마포구,2024-04-13,2024,41,교육/문화,등록
40-2026-0100455,다온,prime상사,서울특별시,종로구,2021-06-24,2021,42,IT서비스,등록
40-2026-0100456,이든랩스,green키친,경기도,성남시 분당구,2024-11-09,2024,3,화장품,등록
40-2026-0100457,solar,별빛스튜디오,서울특별시,서초구,2025-08-01,2025,30,식품,등록
40-2026-0100458,하늘,이든F&B,서울특별시,서초구,2023-09-20,2023,3,화장품,출원중
40-2026-0100459,온새미,urban상사,전북특별자치도,전주시 덕진구,2025-08-11,2025,21,생활용품,소멸
40-2026-0100460,다온,다온플랫폼,제주특별자치도,제주시,2024-03-14,2024,21,생활용품,출원중
40-2026-0100461,온새미,solar베이커리,서울특별시,서초구,2025-01-10,2025,35,광고업/판매업,등록
40-2026-0100462,한빛베이커리,푸른랩스,인천광역시,남동구,2023-04-12,2023,3,화장품,등록
40-2026-0100463,solar,solar테크,경기도,용인시 기흥구,2023-06-07,2023,30,식품,등록
40-2026-0100464,한빛플랫폼,누리키친,서울특별시,강남구,2021-01-08,2021,25,의류,출원중
40-2026-0100465,green,한빛키친,세종특별자치시,세종시,2022-01-06,2022,41,교육/문화,출원중
40-2026-0100466,true상사,가온컴퍼니,인천광역시,남동구,2022-09-09,2022,42,IT서비스,등록
40-2026-0100467,새록,한빛키친,경상남도,창원시 성산구,2024-07-10,2024,44,의료/미용,등록
40-2026-0100468,별빛물산,푸른F&B,서울특별시,강남구,2023-04-03,2023,44,의료/미용,등록
40-2026-0100469,solar코리아,누리컴퍼니,충청남도,천안시 서북구,2024-02-15,2024,25,의류,거절
40-2026-0100470,한빛상사,nova컴퍼니,경기도,성남시 분당구,2024-06-17,2024,42,IT서비스,등록
40-2026-0100471,새록플랫폼,푸른디자인,서울특별시,서초구,2022-07-04,2022,35,광고업/판매업,등록
40-2026-0100472,solar브루,다솜코스메틱,서울특별시,서초구,2023-05-15,2023,30,식품,등록
40-2026-0100473,이든,smart코스메틱,서울특별시,성동구,2021-01-23,2021,25,의류,등록
40-2026-0100474,다솜코리아,smart컴퍼니,서울특별시,강남구,2024-06-04,2024,3,화장품,출원중
40-2026-0100475,urban,greenF&B,경기도,수원시 영통구,2025-02-09,2025,43,요식업,등록
40-2026-0100476,다온,thirdF&B,서울특별시,송파구,2023-07-17,2023,3,화장품,등록
40-2026-0100477,새록,primeF&B,제주특별자치도,제주시,2024-05-09,2024,41,교육/문화,등록
40-2026-0100478,다솜,urban컴퍼니,대전광역시,유성구,2021-01-02,2021,44,의료/미용,등록
40-2026-0100479,하늘,nova테크,경기도,용인시 기흥구,2023-10-24,2023,30,식품,등록
40-2026-0100480,다솜,하늘코리아,울산광역시,남구,2024-05-15,2024,9,전자/소프트웨어,출원중
40-2026-0100481,third,smart키친,경상북도,포항시 남구,2025-07-26,2025,42,IT서비스,등록
40-2026-0100482,새록메디컬,별빛상사,울산광역시,남구,2023-07-13,2023,21,생활용품,출원중
40-2026-0100483,이든디자인,이든코리아,서울특별시,강남구,2021-10-26,2021,41,교육/문화,등록
40-2026-0100484,이든,한빛코스메틱,전라남도,여수시,2025-03-08,2025,35,광고업/판매업,등록
40-2026-0100485,solar디자인,이든브루,서울특별시,송파구,2023-11-24,2023,30,식품,거절
40-2026-0100486,urban코리아,누리랩스,서울특별시,종로구,2024-05-23,2024,42,IT서비스,거절
40-2026-0100487,푸른,미르테크,서울특별시,송파구,2023-11-27,2023,44,의료/미용,출원중
40-2026-0100488,가온F&B,solar디자인,서울특별시,강남구,2021-09-23,2021,43,요식업,등록
40-2026-0100489,이든코스메틱,별빛컴퍼니,제주특별자치도,제주시,2025-04-20,2025,25,의류,출원중
40-2026-0100490,미르,true코리아,서울특별시,종로구,2024-09-04,2024,35,광고업/판매업,등록
40-2026-0100491,누리컴퍼니,green컴퍼니,강원특별자치도,원주시,2024-10-26,2024,21,생활용품,등록
40-2026-0100492,새록코리아,이든브루,서울특별시,강남구,2023-04-13,2023,25,의류,등록
40-2026-0100493,nova키친,prime테크,경기도,성남시 분당구,2023-02-07,2023,43,요식업,소멸
40-2026-0100494,trueF&B,prime메디컬,서울특별시,중구,2024-06-12,2024,42,IT서비스,출원중
40-2026-0100495,이든,온새미베이커리,경기도,수원시 영통구,2025-07-26,2025,42,IT서비스,출원중
40-2026-0100496,third,온새미테크,인천광역시,연수구,2022-11-14,2022,41,교육/문화,등록
40-2026-0100497,nova디자인,가온테크,서울특별시,송파구,2021-12-09,2021,21,생활용품,등록
40-2026-0100498,별빛랩스,nova상사,서울특별시,성동구,2024-04-05,2024,3,화장품,거절
40-2026-0100499,푸른브루,true전자,서울특별시,서초구,2024-02-16,2024,35,광고업/판매업,등록
40-2026-0100500,한빛베이커리,하늘물산,경상남도,창원시 성산구,2025-11-23,2025,42,IT서비스,소멸
40-2026-0100501,가온,새록물산,부산광역시,부산진구,2021-10-16,2021,41,교육/문화,등록
40-2026-0100502,하늘,누리상사,서울특별시,서초구,2025-07-17,2025,43,요식업,등록
40-2026-0100503,true,새록상사,서울특별시,서초구,2024-11-14,2024,30,식품,출원중
40-2026-0100504,third,누리코스메틱,서울특별시,중구,2023-01-05,2023,30,식품,등록
40-2026-0100505,하늘,하늘브루,경기도,용인시 기흥구,2021-10-18,2021,25,의류,등록
40-2026-0100506,하늘랩스,다솜컴퍼니,서울특별시,서초구,2021-11-23,2021,42,IT서비스,등록
40-2026-0100507,별빛테크,미르코리아,인천광역시,연수구,2024-05-21,2024,25,의류,등록
40-2026-0100508,nova,다솜물산,경기도,성남시 분당구,2021-06-07,2021,21,생활용품,출원중
40-2026-0100509,한빛,이든코스메틱,서울특별시,강남구,2023-03-14,2023,3,화장품,거절
40-2026-0100510,새록코스메틱,하늘코리아,서울특별시,마포구,2022-04-05,2022,25,의류,등록
40-2026-0100511,한빛디자인,prime랩스,경기도,성남시 분당구,2022-07-03,2022,35,광고업/판매업,등록
40-2026-0100512,nova메디컬,이든F&B,충청남도,천안시 서북구,2021-12-08,2021,9,전자/소프트웨어,등록
40-2026-0100513,다온,smart코리아,서울특별시,마포구,2023-12-09,2023,9,전자/소프트웨어,등록
40-2026-0100514,하늘,smart컴퍼니,경기도,용인시 기흥구,2024-01-11,2024,43,요식업,등록
40-2026-0100515,green,한빛물산,서울특별시,서초구,2021-11-08,2021,21,생활용품,등록
40-2026-0100516,온새미베이커리,별빛상사,전라남도,여수시,2022-07-08,2022,41,교육/문화,등록
40-2026-0100517,온새미코스메틱,true코스메틱,충청북도,청주시 흥덕구,2021-03-06,2021,9,전자/소프트웨어,소멸
40-2026-0100518,smart디자인,가온베이커리,인천광역시,남동구,2025-10-13,2025,35,광고업/판매업,등록
40-2026-0100519,이든,한빛플랫폼,대전광역시,유성구,2023-11-18,2023,35,광고업/판매업,출원중
40-2026-0100520,누리베이커리,third코리아,서울특별시,강남구,2024-08-22,2024,25,의류,출원중
40-2026-0100521,solar,별빛컴퍼니,경기도,수원시 영통구,2021-03-22,2021,25,의류,등록
40-2026-0100522,미르,이든브루,울산광역시,남구,2022-09-20,2022,41,교육/문화,등록
40-2026-0100523,smart,푸른컴퍼니,경기도,수원시 영통구,2024-05-11,2024,41,교육/문화,출원중
40-2026-0100524,다솜,온새미메디컬,서울특별시,강남구,2021-11-06,2021,43,요식업,등록
40-2026-0100525,새록,prime코스메틱,서울특별시,종로구,2025-03-20,2025,44,의료/미용,소멸
40-2026-0100526,third랩스,새록코리아,전북특별자치도,전주시 덕진구,2024-03-17,2024,42,IT서비스,등록
40-2026-0100527,누리베이커리,푸른코리아,인천광역시,연수구,2023-03-01,2023,35,광고업/판매업,거절
40-2026-0100528,true,누리메디컬,부산광역시,부산진구,2021-04-04,2021,3,화장품,등록
40-2026-0100529,urban,이든디자인,서울특별시,강남구,2025-02-23,2025,30,식품,출원중
40-2026-0100530,nova테크,true메디컬,강원특별자치도,춘천시,2024-02-06,2024,9,전자/소프트웨어,등록
40-2026-0100531,solar,새록코리아,대구광역시,달서구,2022-04-06,2022,21,생활용품,출원중
40-2026-0100532,푸른베이커리,greenF&B,서울특별시,송파구,2022-11-10,2022,21,생활용품,등록
40-2026-0100533,prime디자인,별빛F&B,서울특별시,중구,2023-09-22,2023,44,의료/미용,등록
40-2026-0100534,solar메디컬,green디자인,서울특별시,서초구,2025-05-16,2025,42,IT서비스,등록
40-2026-0100535,다온,별빛전자,서울특별시,송파구,2025-02-25,2025,21,생활용품,등록
40-2026-0100536,third,solar베이커리,충청북도,청주시 흥덕구,2022-12-16,2022,21,생활용품,등록
40-2026-0100537,하늘컴퍼니,누리브루,서울특별시,강남구,2025-09-17,2025,35,광고업/판매업,등록
40-2026-0100538,하늘전자,가온스튜디오,제주특별자치도,제주시,2023-02-24,2023,21,생활용품,등록
40-2026-0100539,green코스메틱,green브루,서울특별시,강남구,2025-06-26,2025,42,IT서비스,출원중
40-2026-0100540,true,다온플랫폼,서울특별시,마포구,2024-07-26,2024,42,IT서비스,출원중
40-2026-0100541,solar,다온플랫폼,서울특별시,서초구,2021-10-25,2021,44,의료/미용,등록
40-2026-0100542,미르,다온베이커리,경기도,성남시 분당구,2023-01-12,2023,9,전자/소프트웨어,소멸
40-2026-0100543,한빛키친,푸른코리아,경기도,고양시 일산동구,2023-11-25,2023,3,화장품,등록
40-2026-0100544,하늘,가온상사,서울특별시,서초구,2022-10-03,2022,25,의류,등록
40-2026-0100545,smart플랫폼,green랩스,경기도,화성시,2025-04-23,2025,44,의료/미용,출원중
40-2026-0100546,prime테크,prime컴퍼니,경기도,화성시,2023-08-13,2023,21,생활용품,등록
40-2026-0100547,다솜,true코스메틱,서울특별시,강남구,2024-02-28,2024,21,생활용품,등록
40-2026-0100548,하늘,별빛스튜디오,서울특별시,서초구,2022-02-07,2022,43,요식업,등록
40-2026-0100549,이든,urban컴퍼니,서울특별시,서초구,2025-04-01,2025,41,교육/문화,출원중
40-2026-0100550,nova,별빛전자,충청북도,청주시 흥덕구,2021-12-19,2021,30,식품,등록
40-2026-0100551,한빛플랫폼,다온테크,경기도,성남시 분당구,2025-05-15,2025,9,전자/소프트웨어,출원중
40-2026-0100552,prime,solar디자인,대구광역시,달서구,2025-09-19,2025,41,교육/문화,등록
40-2026-0100553,green,다온전자,경기도,성남시 분당구,2025-04-14,2025,30,식품,출원중
40-2026-0100554,prime전자,하늘코스메틱,경상남도,창원시 성산구,2025-11-20,2025,30,식품,출원중
40-2026-0100555,solar,한빛플랫폼,서울특별시,성동구,2023-05-11,2023,42,IT서비스,등록
40-2026-0100556,온새미,온새미메디컬,경기도,성남시 분당구,2023-08-06,2023,3,화장품,등록
40-2026-0100557,다솜플랫폼,가온코스메틱,강원특별자치도,원주시,2022-12-09,2022,44,의료/미용,등록
40-2026-0100558,미르상사,온새미물산,서울특별시,강남구,2025-07-08,2025,3,화장품,등록
40-2026-0100559,새록,새록스튜디오,경기도,성남시 분당구,2024-05-27,2024,42,IT서비스,등록
40-2026-0100560,solar코스메틱,한빛코리아,서울특별시,영등포구,2021-12-28,2021,41,교육/문화,거절
40-2026-0100561,nova물산,한빛디자인,대전광역시,유성구,2025-05-10,2025,35,광고업/판매업,등록
40-2026-0100562,solar,prime컴퍼니,서울특별시,영등포구,2024-05-22,2024,21,생활용품,등록
40-2026-0100563,한빛랩스,다온메디컬,부산광역시,부산진구,2025-05-15,2025,35,광고업/판매업,등록
40-2026-0100564,solar,새록테크,인천광역시,남동구,2024-10-28,2024,21,생활용품,출원중
40-2026-0100565,온새미,third물산,전라남도,여수시,2023-03-27,2023,21,생활용품,등록
40-2026-0100566,미르,한빛전자,서울특별시,서초구,2023-11-06,2023,42,IT서비스,거절
40-2026-0100567,green전자,별빛물산,광주광역시,서구,2025-10-24,2025,42,IT서비스,등록
40-2026-0100568,한빛,미르플랫폼,서울특별시,종로구,2023-12-04,2023,44,의료/미용,등록
40-2026-0100569,미르상사,true상사,경상남도,창원시 성산구,2022-04-04,2022,25,의류,등록
40-2026-0100570,온새미브루,nova물산,서울특별시,송파구,2023-07-27,2023,9,전자/소프트웨어,등록
40-2026-0100571,누리,가온코스메틱,울산광역시,남구,2021-01-13,2021,42,IT서비스,등록
40-2026-0100572,smart키친,third키친,서울특별시,서초구,2025-09-22,2025,3,화장품,등록
40-2026-0100573,누리베이커리,nova스튜디오,대전광역시,유성구,2021-10-15,2021,35,광고업/판매업,등록
40-2026-0100574,한빛테크,미르테크,대전광역시,유성구,2021-02-03,2021,42,IT서비스,소멸
40-2026-0100575,urban,third전자,서울특별시,성동구,2024-05-23,2024,21,생활용품,등록
40-2026-0100576,별빛,새록F&B,인천광역시,남동구,2024-08-08,2024,43,요식업,출원중
40-2026-0100577,푸른키친,다솜물산,경기도,수원시 영통구,2021-07-22,2021,25,의류,등록
40-2026-0100578,다솜메디컬,smart전자,서울특별시,송파구,2023-12-13,2023,44,의료/미용,등록
40-2026-0100579,한빛,다온랩스,경기도,용인시 기흥구,2025-06-06,2025,25,의류,등록
40-2026-0100580,미르전자,가온물산,경기도,고양시 일산동구,2023-09-26,2023,21,생활용품,소멸
40-2026-0100581,true메디컬,미르메디컬,울산광역시,남구,2023-09-26,2023,41,교육/문화,출원중
40-2026-0100582,가온디자인,미르컴퍼니,서울특별시,마포구,2022-11-07,2022,44,의료/미용,출원중
40-2026-0100583,smart플랫폼,다온코리아,서울특별시,송파구,2025-06-24,2025,3,화장품,등록
40-2026-0100584,prime,온새미코스메틱,서울특별시,강남구,2024-11-13,2024,43,요식업,출원중
40-2026-0100585,solar상사,새록코스메틱,경기도,수원시 영통구,2025-09-10,2025,25,의류,거절
40-2026-0100586,solar키친,가온디자인,전북특별자치도,전주시 덕진구,2024-09-04,2024,35,광고업/판매업,등록
40-2026-0100587,누리전자,별빛플랫폼,서울특별시,영등포구,2024-07-26,2024,25,의류,소멸
40-2026-0100588,온새미코리아,가온코스메틱,서울특별시,종로구,2024-10-16,2024,9,전자/소프트웨어,출원중
40-2026-0100589,이든,미르디자인,전라남도,여수시,2025-10-13,2025,41,교육/문화,거절
40-2026-0100590,별빛테크,누리베이커리,세종특별자치시,세종시,2022-07-11,2022,30,식품,출원중
40-2026-0100591,한빛,가온메디컬,경기도,용인시 기흥구,2024-03-02,2024,21,생활용품,출원중
40-2026-0100592,누리전자,smartF&B,경기도,부천시,2024-07-18,2024,3,화장품,출원중
40-2026-0100593,true,다솜메디컬,인천광역시,남동구,2022-05-16,2022,43,요식업,등록
40-2026-0100594,third,urban물산,대전광역시,유성구,2025-08-06,2025,30,식품,등록
40-2026-0100595,smart스튜디오,green랩스,서울특별시,서초구,2023-05-20,2023,21,생활용품,등록
40-2026-0100596,새록,third전자,서울특별시,강남구,2023-01-03,2023,3,화장품,소멸
40-2026-0100597,미르,다솜메디컬,부산광역시,해운대구,2024-06-27,2024,44,의료/미용,등록
40-2026-0100598,solar코리아,urban상사,서울특별시,서초구,2024-07-09,2024,21,생활용품,등록
40-2026-0100599,한빛,별빛브루,서울특별시,강남구,2021-01-11,2021,35,광고업/판매업,등록
